Assessment Name,Short Description,URL
Microsoft SQL Server 2014 Programming,If you choose to continue with your current browser we cannot guarantee your experience.,https://www.shl.com/products/product-catalog/view/microsoft-sql-server-2014-programming/
Cardiology and Diabetes Management (New),If you choose to continue with your current browser we cannot guarantee your experience.,https://www.shl.com/products/product-catalog/view/cardiology-and-diabetes-management-new/
Accounts Receivable Simulation (New),If you choose to continue with your current browser we cannot guarantee your experience.,https://www.shl.com/products/product-catalog/view/accounts-receivable-simulation-new/
Reading Comprehension - English v1,If you choose to continue with your current browser we cannot guarantee your experience.,https://www.shl.com/products/product-catalog/view/reading-comprehension-english-v1/
Universal Competency Framework Profiler Cards (44),If you choose to continue with your current browser we cannot guarantee your experience.,https://www.shl.com/products/product-catalog/view/universal-competency-framework-profiler-cards-44/
Basic Computer Literacy (Windows 10) (New),If you choose to continue with your current browser we cannot guarantee your experience.,https://www.shl.com/products/product-catalog/view/basic-computer-literacy-windows-10-new/
Automata - Fix (New),If you choose to continue with your current browser we cannot guarantee your experience.,https://www.shl.com/products/product-catalog/view/automata-fix-new/
SAP Basis (New),If you choose to continue with your current browser we cannot guarantee your experience.,https://www.shl.com/products/product-catalog/view/sap-basis-new/
Struts (New),If you choose to continue with your current browser we cannot guarantee your experience.,https://www.shl.com/products/product-catalog/view/struts-new/
Bilingual Spanish Reservation Agent Solution,If you choose to continue with your current browser we cannot guarantee your experience.,https://www.shl.com/products/product-catalog/view/bilingual-spanish-reservation-agent-solution/
SAP ABAP (Intermediate Level) (New),If you choose to continue with your current browser we cannot guarantee your experience.,https://www.shl.com/products/product-catalog/view/sap-abap-intermediate-level-new/
OPQ MQ Sales Report,If you choose to continue with your current browser we cannot guarantee your experience.,https://www.shl.com/products/product-catalog/view/opq-mq-sales-report/
SQL Server Reporting Services (SSRS) (New),If you choose to continue with your current browser we cannot guarantee your experience.,https://www.shl.com/products/product-catalog/view/sql-server-reporting-services-ssrs-new/
Basic Statistics (New),If you choose to continue with your current browser we cannot guarantee your experience.,https://www.shl.com/products/product-catalog/view/basic-statistics-new/
Front Office Management (New),If you choose to continue with your current browser we cannot guarantee your experience.,https://www.shl.com/products/product-catalog/view/front-office-management-new/
OPQ Emotional Intelligence Report,If you choose to continue with your current browser we cannot guarantee your experience.,https://www.shl.com/products/product-catalog/view/opq-emotional-intelligence-report/
Verify Interactive Ability Report,If you choose to continue with your current browser we cannot guarantee your experience.,https://www.shl.com/products/product-catalog/view/verify-interactive-ability-report/
CSS3 (New),If you choose to continue with your current browser we cannot guarantee your experience.,https://www.shl.com/products/product-catalog/view/css3-new/
Customer Service Phone Simulation,If you choose to continue with your current browser we cannot guarantee your experience.,https://www.shl.com/products/product-catalog/view/customer-service-phone-simulation/
Maven (New),If you choose to continue with your current browser we cannot guarantee your experience.,https://www.shl.com/products/product-catalog/view/maven-new/
Sales Interview Guide,If you choose to continue with your current browser we cannot guarantee your experience.,https://www.shl.com/products/product-catalog/view/sales-interview-guide/
Interpersonal Communications,If you choose to continue with your current browser we cannot guarantee your experience.,https://www.shl.com/products/product-catalog/view/interpersonal-communications/
SAP SD (Sales and Distribution) (New),If you choose to continue with your current browser we cannot guarantee your experience.,https://www.shl.com/products/product-catalog/view/sap-sd-sales-and-distribution-new/
Occupational Personality Questionnaire OPQ32r,If you choose to continue with your current browser we cannot guarantee your experience.,https://www.shl.com/products/product-catalog/view/occupational-personality-questionnaire-opq32r/
OPQ Maximising your Learning Report,If you choose to continue with your current browser we cannot guarantee your experience.,https://www.shl.com/products/product-catalog/view/opq-maximising-your-learning-report/
OPQ Profile Report,If you choose to continue with your current browser we cannot guarantee your experience.,https://www.shl.com/products/product-catalog/view/opq-profile-report/
Programming Concepts,If you choose to continue with your current browser we cannot guarantee your experience.,https://www.shl.com/products/product-catalog/view/programming-concepts/
General Diseases (New),If you choose to continue with your current browser we cannot guarantee your experience.,https://www.shl.com/products/product-catalog/view/general-diseases-new/
Multitasking Ability,If you choose to continue with your current browser we cannot guarantee your experience.,https://www.shl.com/products/product-catalog/view/multitasking-ability/
Apache Hadoop (New),If you choose to continue with your current browser we cannot guarantee your experience.,https://www.shl.com/products/product-catalog/view/apache-hadoop-new/
Interviewing and Hiring Concepts (U.S.),If you choose to continue with your current browser we cannot guarantee your experience.,https://www.shl.com/products/product-catalog/view/interviewing-and-hiring-concepts-u-s/
Split Screen Typing Test - Form 1,If you choose to continue with your current browser we cannot guarantee your experience.,https://www.shl.com/products/product-catalog/view/split-screen-typing-test-form-1/
Networking and Implementation (New),If you choose to continue with your current browser we cannot guarantee your experience.,https://www.shl.com/products/product-catalog/view/networking-and-implementation-new/
Adobe Experience Manager (New),If you choose to continue with your current browser we cannot guarantee your experience.,https://www.shl.com/products/product-catalog/view/adobe-experience-manager-new/
Filing - Names (R1),If you choose to continue with your current browser we cannot guarantee your experience.,https://www.shl.com/products/product-catalog/view/filing-names-r1/
OPQ User and Managers Report,If you choose to continue with your current browser we cannot guarantee your experience.,https://www.shl.com/products/product-catalog/view/opq-user-and-managers-report/
Data Science (New),If you choose to continue with your current browser we cannot guarantee your experience.,https://www.shl.com/products/product-catalog/view/data-science-new/
MQ Profile,If you choose to continue with your current browser we cannot guarantee your experience.,https://www.shl.com/products/product-catalog/view/mq-profile/
Workplace Health and Safety (New),If you choose to continue with your current browser we cannot guarantee your experience.,https://www.shl.com/products/product-catalog/view/workplace-health-and-safety-new/
Administrative Professional - Short Form,If you choose to continue with your current browser we cannot guarantee your experience.,https://www.shl.com/products/product-catalog/view/administrative-professional-short-form/
HiPo Assessment Report 1.0,If you choose to continue with your current browser we cannot guarantee your experience.,https://www.shl.com/products/product-catalog/view/hipo-assessment-report-1-0/
Enterprise Leadership Report 2.0,If you choose to continue with your current browser we cannot guarantee your experience.,https://www.shl.com/products/product-catalog/view/enterprise-leadership-report-2-0/
Mineral Engineering (New),If you choose to continue with your current browser we cannot guarantee your experience.,https://www.shl.com/products/product-catalog/view/mineral-engineering-new/
Electronics and Semiconductor Engineering (New),If you choose to continue with your current browser we cannot guarantee your experience.,https://www.shl.com/products/product-catalog/view/electronics-and-semiconductor-engineering-new/
Managerial Scenarios Candidate Report,If you choose to continue with your current browser we cannot guarantee your experience.,https://www.shl.com/products/product-catalog/view/managerial-scenarios-candidate-report/
Culinary Skills (New),If you choose to continue with your current browser we cannot guarantee your experience.,https://www.shl.com/products/product-catalog/view/culinary-skills-new/
Social Media (New),If you choose to continue with your current browser we cannot guarantee your experience.,https://www.shl.com/products/product-catalog/view/social-media-new/
Micro Focus Unified Functional Testing (New),If you choose to continue with your current browser we cannot guarantee your experience.,https://www.shl.com/products/product-catalog/view/micro-focus-unified-functional-testing-new/
Fire Engineering (New),If you choose to continue with your current browser we cannot guarantee your experience.,https://www.shl.com/products/product-catalog/view/fire-engineering-new/
Statistical Analysis System (New),If you choose to continue with your current browser we cannot guarantee your experience.,https://www.shl.com/products/product-catalog/view/statistical-analysis-system-new/
Kubernetes (New),If you choose to continue with your current browser we cannot guarantee your experience.,https://www.shl.com/products/product-catalog/view/kubernetes-new/
UiPath RPA Development (New),If you choose to continue with your current browser we cannot guarantee your experience.,https://www.shl.com/products/product-catalog/view/uipath-rpa-development-new/
Pediatrics (New),If you choose to continue with your current browser we cannot guarantee your experience.,https://www.shl.com/products/product-catalog/view/pediatrics-new/
Proofreading v1,If you choose to continue with your current browser we cannot guarantee your experience.,https://www.shl.com/products/product-catalog/view/proofreading-v1/
Electronics and Embedded Systems Engineering (New),If you choose to continue with your current browser we cannot guarantee your experience.,https://www.shl.com/products/product-catalog/view/electronics-and-embedded-systems-engineering-new/
Contact Center Call Simulation (New),If you choose to continue with your current browser we cannot guarantee your experience.,https://www.shl.com/products/product-catalog/view/contact-center-call-simulation-new/
Dermatology (New),If you choose to continue with your current browser we cannot guarantee your experience.,https://www.shl.com/products/product-catalog/view/dermatology-new/
SQL Server Analysis Services (SSAS) (New),If you choose to continue with your current browser we cannot guarantee your experience.,https://www.shl.com/products/product-catalog/view/sql-server-analysis-services-%28ssas%29-%28new%29/
Time Management (U.S.),If you choose to continue with your current browser we cannot guarantee your experience.,https://www.shl.com/products/product-catalog/view/time-management-u-s/
BizTalk (New),If you choose to continue with your current browser we cannot guarantee your experience.,https://www.shl.com/products/product-catalog/view/biztalk-new/
IBM DataStage (New),If you choose to continue with your current browser we cannot guarantee your experience.,https://www.shl.com/products/product-catalog/view/ibm-datastage-new/
Bank Administrative Assistant - Short Form,If you choose to continue with your current browser we cannot guarantee your experience.,https://www.shl.com/products/product-catalog/view/bank-administrative-assistant-short-form/
COBOL Programming (New),If you choose to continue with your current browser we cannot guarantee your experience.,https://www.shl.com/products/product-catalog/view/cobol-programming-new/
SQL (New),If you choose to continue with your current browser we cannot guarantee your experience.,https://www.shl.com/products/product-catalog/view/sql-new/
Visual Basic for Applications (New),If you choose to continue with your current browser we cannot guarantee your experience.,https://www.shl.com/products/product-catalog/view/visual-basic-for-applications-new/
OPQ Universal Competency Report 2.0,If you choose to continue with your current browser we cannot guarantee your experience.,https://www.shl.com/products/product-catalog/view/opq-universal-competency-report-2-0/
Apache Hive (New),If you choose to continue with your current browser we cannot guarantee your experience.,https://www.shl.com/products/product-catalog/view/apache-hive-new/
Cisco AppDynamics (New),If you choose to continue with your current browser we cannot guarantee your experience.,https://www.shl.com/products/product-catalog/view/cisco-appdynamics-new/
Oracle DBA (Entry Level) (New),If you choose to continue with your current browser we cannot guarantee your experience.,https://www.shl.com/products/product-catalog/view/oracle-dba-entry-level-new/
Digital Readiness Development Report - Manager,If you choose to continue with your current browser we cannot guarantee your experience.,https://www.shl.com/products/product-catalog/view/digital-readiness-development-report-manager/
Enterprise Java Beans (New),If you choose to continue with your current browser we cannot guarantee your experience.,https://www.shl.com/products/product-catalog/view/enterprise-java-beans-new/
.NET MVC (New),If you choose to continue with your current browser we cannot guarantee your experience.,https://www.shl.com/products/product-catalog/view/net-mvc-new/
Android Development (New),If you choose to continue with your current browser we cannot guarantee your experience.,https://www.shl.com/products/product-catalog/view/android-development-new/
Java Design Patterns (New),If you choose to continue with your current browser we cannot guarantee your experience.,https://www.shl.com/products/product-catalog/view/java-design-patterns-new/
Microsoft Excel 365 (New),If you choose to continue with your current browser we cannot guarantee your experience.,https://www.shl.com/products/product-catalog/view/microsoft-excel-365-new/
SAP HCM (Human Capital Management) (New),If you choose to continue with your current browser we cannot guarantee your experience.,https://www.shl.com/products/product-catalog/view/sap-hcm-human-capital-management-new/
SAP ABAP (Advanced Level) (New),If you choose to continue with your current browser we cannot guarantee your experience.,https://www.shl.com/products/product-catalog/view/sap-abap-advanced-level-new/
OPQ Premium Plus Report 2.0,If you choose to continue with your current browser we cannot guarantee your experience.,https://www.shl.com/products/product-catalog/view/opq-premium-plus-report-2-0/
Molecular Biology (New),If you choose to continue with your current browser we cannot guarantee your experience.,https://www.shl.com/products/product-catalog/view/molecular-biology-new/
Global Skills Development Report,If you choose to continue with your current browser we cannot guarantee your experience.,https://www.shl.com/products/product-catalog/view/global-skills-development-report/
RemoteWorkQ Participant Report,If you choose to continue with your current browser we cannot guarantee your experience.,https://www.shl.com/products/product-catalog/view/remoteworkq-participant-report/
Cyber Risk (New),If you choose to continue with your current browser we cannot guarantee your experience.,https://www.shl.com/products/product-catalog/view/cyber-risk-new/
Written English v1,If you choose to continue with your current browser we cannot guarantee your experience.,https://www.shl.com/products/product-catalog/view/written-english-v1/
"Bookkeeping, Accounting, Auditing Clerk Short Form",If you choose to continue with your current browser we cannot guarantee your experience.,https://www.shl.com/products/product-catalog/view/bookkeeping-accounting-auditing-clerk-short-form/
Desktop Support (New),If you choose to continue with your current browser we cannot guarantee your experience.,https://www.shl.com/products/product-catalog/view/desktop-support-new/
OPQ Leadership Report,If you choose to continue with your current browser we cannot guarantee your experience.,https://www.shl.com/products/product-catalog/view/opq-leadership-report/
Ruby (New),If you choose to continue with your current browser we cannot guarantee your experience.,https://www.shl.com/products/product-catalog/view/ruby-new/
Software Business Analysis,If you choose to continue with your current browser we cannot guarantee your experience.,https://www.shl.com/products/product-catalog/view/software-business-analysis/
Universal Competency Framework Interview Guide,If you choose to continue with your current browser we cannot guarantee your experience.,https://www.shl.com/products/product-catalog/view/universal-competency-framework-interview-guide/
Manufac. & Indust. - Safety & Dependability 8.0,If you choose to continue with your current browser we cannot guarantee your experience.,https://www.shl.com/products/product-catalog/view/safety-and-dependability-focus-8-0/
Zabbix (New),If you choose to continue with your current browser we cannot guarantee your experience.,https://www.shl.com/products/product-catalog/view/zabbix-new/
Automata Data Science (New),If you choose to continue with your current browser we cannot guarantee your experience.,https://www.shl.com/products/product-catalog/view/automata-data-science-new/
Entry Level Customer Service (General) Solution,If you choose to continue with your current browser we cannot guarantee your experience.,https://www.shl.com/products/product-catalog/view/entry-level-customer-service-general-solution/
MS PowerPoint (New),If you choose to continue with your current browser we cannot guarantee your experience.,https://www.shl.com/products/product-catalog/view/ms-powerpoint-new/
Automata Selenium,If you choose to continue with your current browser we cannot guarantee your experience.,https://www.shl.com/products/product-catalog/view/automata-selenium/
Java 2 Platform Enterprise Edition 1.4 Fundamental,If you choose to continue with your current browser we cannot guarantee your experience.,https://www.shl.com/products/product-catalog/view/java-2-platform-enterprise-edition-1-4-fundamental/
Pharmaceutical Analysis (New),If you choose to continue with your current browser we cannot guarantee your experience.,https://www.shl.com/products/product-catalog/view/pharmaceutical-analysis-new/
Verify - Technical Checking - Next Generation,If you choose to continue with your current browser we cannot guarantee your experience.,https://www.shl.com/products/product-catalog/view/verify-technical-checking-next-generation/
Apache Spark (New),If you choose to continue with your current browser we cannot guarantee your experience.,https://www.shl.com/products/product-catalog/view/apache-spark-new/
Salesforce Development (New),If you choose to continue with your current browser we cannot guarantee your experience.,https://www.shl.com/products/product-catalog/view/salesforce-development-new/
Automata - SQL (New),If you choose to continue with your current browser we cannot guarantee your experience.,https://www.shl.com/products/product-catalog/view/automata-sql-new/
jQuery (New),If you choose to continue with your current browser we cannot guarantee your experience.,https://www.shl.com/products/product-catalog/view/jquery-new/
.NET WCF (New),If you choose to continue with your current browser we cannot guarantee your experience.,https://www.shl.com/products/product-catalog/view/net-wcf-new/
Automata Pro (New),If you choose to continue with your current browser we cannot guarantee your experience.,https://www.shl.com/products/product-catalog/view/automata-pro-new/
Load Runner (New),If you choose to continue with your current browser we cannot guarantee your experience.,https://www.shl.com/products/product-catalog/view/load-runner-new/
Dependability and Safety Instrument (DSI),If you choose to continue with your current browser we cannot guarantee your experience.,https://www.shl.com/products/product-catalog/view/dependability-and-safety-instrument-dsi/
Nursing (New),If you choose to continue with your current browser we cannot guarantee your experience.,https://www.shl.com/products/product-catalog/view/nursing-new/
Reading Comprehension v2,If you choose to continue with your current browser we cannot guarantee your experience.,https://www.shl.com/products/product-catalog/view/reading-comprehension-v2/
Electrical and Electronics Engineering (New),If you choose to continue with your current browser we cannot guarantee your experience.,https://www.shl.com/products/product-catalog/view/electrical-and-electronics-engineering-new/
Entry Level Cashier Solution,If you choose to continue with your current browser we cannot guarantee your experience.,https://www.shl.com/products/product-catalog/view/entry-level-cashier-solution/
HTML5 (New),If you choose to continue with your current browser we cannot guarantee your experience.,https://www.shl.com/products/product-catalog/view/html5-new/
Manufacturing & Industrial - Mechanical Focus 8.0,If you choose to continue with your current browser we cannot guarantee your experience.,https://www.shl.com/products/product-catalog/view/mechanical-focus-8-0/
.NET MVVM (New),If you choose to continue with your current browser we cannot guarantee your experience.,https://www.shl.com/products/product-catalog/view/net-mvvm-new/
Human Resources (New),If you choose to continue with your current browser we cannot guarantee your experience.,https://www.shl.com/products/product-catalog/view/human-resources-new/
Verify - Deductive Reasoning,If you choose to continue with your current browser we cannot guarantee your experience.,https://www.shl.com/products/product-catalog/view/verify-deductive-reasoning/
Smart Interview Live,If you choose to continue with your current browser we cannot guarantee your experience.,https://www.shl.com/products/product-catalog/view/smart-interview-live/
Reviewing Forms - US (R1),If you choose to continue with your current browser we cannot guarantee your experience.,https://www.shl.com/products/product-catalog/view/reviewing-forms-us-r1/
Metallurgical Engineering (New),If you choose to continue with your current browser we cannot guarantee your experience.,https://www.shl.com/products/product-catalog/view/metallurgical-engineering-new/
Verify Interactive G+ Report,If you choose to continue with your current browser we cannot guarantee your experience.,https://www.shl.com/products/product-catalog/view/verify-interactive-g-report/
Ruby on Rails (New),If you choose to continue with your current browser we cannot guarantee your experience.,https://www.shl.com/products/product-catalog/view/ruby-on-rails-new/
Branch Manager - Short Form,If you choose to continue with your current browser we cannot guarantee your experience.,https://www.shl.com/products/product-catalog/view/branch-manager-short-form/
Global Skills Assessment,If you choose to continue with your current browser we cannot guarantee your experience.,https://www.shl.com/products/product-catalog/view/global-skills-assessment/
ASP .NET with C# (New),If you choose to continue with your current browser we cannot guarantee your experience.,https://www.shl.com/products/product-catalog/view/asp-net-with-c-new/
Spelling (U.S.) (New),If you choose to continue with your current browser we cannot guarantee your experience.,https://www.shl.com/products/product-catalog/view/spelling-u-s-new/
Digital Readiness Development Report - IC,If you choose to continue with your current browser we cannot guarantee your experience.,https://www.shl.com/products/product-catalog/view/digital-readiness-development-report/
OPQ Premium Plus Report,If you choose to continue with your current browser we cannot guarantee your experience.,https://www.shl.com/products/product-catalog/view/opq-premium-plus-report/
OPQ Team Types & Leadership Styles Profile,If you choose to continue with your current browser we cannot guarantee your experience.,https://www.shl.com/products/product-catalog/view/opq-team-types-and-leadership-styles-profile/
Cloud Computing (New),If you choose to continue with your current browser we cannot guarantee your experience.,https://www.shl.com/products/product-catalog/view/cloud-computing-new/
Apache Pig (New),If you choose to continue with your current browser we cannot guarantee your experience.,https://www.shl.com/products/product-catalog/view/apache-pig-new/
MuleSoft Development (New),If you choose to continue with your current browser we cannot guarantee your experience.,https://www.shl.com/products/product-catalog/view/mulesoft-development-new/
Oracle PL/SQL (New),If you choose to continue with your current browser we cannot guarantee your experience.,https://www.shl.com/products/product-catalog/view/oracle-plsql-new/
SAP BW (Business Warehouse) (New),If you choose to continue with your current browser we cannot guarantee your experience.,https://www.shl.com/products/product-catalog/view/sap-bw-business-warehouse-new/
Retail Sales and Service Simulation,If you choose to continue with your current browser we cannot guarantee your experience.,https://www.shl.com/products/product-catalog/view/retail-sales-and-service-simulation/
Sales & Service Phone Solution,If you choose to continue with your current browser we cannot guarantee your experience.,https://www.shl.com/products/product-catalog/view/sales-and-service-phone-solution/
Verify G+ - Ability Test Report,If you choose to continue with your current browser we cannot guarantee your experience.,https://www.shl.com/products/product-catalog/view/verify-g-ability-test-report/
Java Web Services (New),If you choose to continue with your current browser we cannot guarantee your experience.,https://www.shl.com/products/product-catalog/view/java-web-services-new/
Civil Engineering (New),If you choose to continue with your current browser we cannot guarantee your experience.,https://www.shl.com/products/product-catalog/view/civil-engineering-new/
SVAR - Spoken French (Canadian) (New),If you choose to continue with your current browser we cannot guarantee your experience.,https://www.shl.com/products/product-catalog/view/svar-spoken-french-canadian-new/
Verify - General Ability Screen,If you choose to continue with your current browser we cannot guarantee your experience.,https://www.shl.com/products/product-catalog/view/verify-general-ability-screen/
iOS Development (New),If you choose to continue with your current browser we cannot guarantee your experience.,https://www.shl.com/products/product-catalog/view/ios-development-new/
Pharmacology (New),If you choose to continue with your current browser we cannot guarantee your experience.,https://www.shl.com/products/product-catalog/view/pharmacology-new/
Visual Comparison - UK,If you choose to continue with your current browser we cannot guarantee your experience.,https://www.shl.com/products/product-catalog/view/visual-comparison-uk/
Java Platform Enterprise Edition 7 (Java EE 7),If you choose to continue with your current browser we cannot guarantee your experience.,https://www.shl.com/products/product-catalog/view/java-platform-enterprise-edition-7-java-ee-7/
SAP Materials Management (New),If you choose to continue with your current browser we cannot guarantee your experience.,https://www.shl.com/products/product-catalog/view/sap-materials-management-new/
Oracle WebLogic Server (New),If you choose to continue with your current browser we cannot guarantee your experience.,https://www.shl.com/products/product-catalog/view/oracle-weblogic-server-new/
Microsoft Word 365 - Essentials (New),If you choose to continue with your current browser we cannot guarantee your experience.,https://www.shl.com/products/product-catalog/view/microsoft-word-365-essentials-new/
Food and Beverage Services (New),If you choose to continue with your current browser we cannot guarantee your experience.,https://www.shl.com/products/product-catalog/view/food-and-beverage-services-new/
Biochemistry (New),If you choose to continue with your current browser we cannot guarantee your experience.,https://www.shl.com/products/product-catalog/view/biochemistry-new/
R Programming (New),If you choose to continue with your current browser we cannot guarantee your experience.,https://www.shl.com/products/product-catalog/view/r-programming-new/
Verify - Inductive Reasoning (2014),If you choose to continue with your current browser we cannot guarantee your experience.,https://www.shl.com/products/product-catalog/view/verify-inductive-reasoning-2014/
Workplace Administration Skills (New),If you choose to continue with your current browser we cannot guarantee your experience.,https://www.shl.com/products/product-catalog/view/workplace-administration-skills-new/
Entry Level Technical Support Solution,If you choose to continue with your current browser we cannot guarantee your experience.,https://www.shl.com/products/product-catalog/view/entry-level-technical-support-solution/
Graduate Scenarios Profile Report,If you choose to continue with your current browser we cannot guarantee your experience.,https://www.shl.com/products/product-catalog/view/graduate-scenarios-profile-report/
Verify - Following Instructions,If you choose to continue with your current browser we cannot guarantee your experience.,https://www.shl.com/products/product-catalog/view/verify-following-instructions/
MS Access (New),If you choose to continue with your current browser we cannot guarantee your experience.,https://www.shl.com/products/product-catalog/view/ms-access-new/
SHL Verify Interactive – Numerical Reasoning,If you choose to continue with your current browser we cannot guarantee your experience.,https://www.shl.com/products/product-catalog/view/shl-verify-interactive-numerical-reasoning/
HTML/CSS (New),If you choose to continue with your current browser we cannot guarantee your experience.,https://www.shl.com/products/product-catalog/view/htmlcss-new/
Microsoft Word 365 (New),If you choose to continue with your current browser we cannot guarantee your experience.,https://www.shl.com/products/product-catalog/view/microsoft-word-365-new/
Shell Scripting (New),If you choose to continue with your current browser we cannot guarantee your experience.,https://www.shl.com/products/product-catalog/view/shell-scripting-new/
Angular 6 (New),If you choose to continue with your current browser we cannot guarantee your experience.,https://www.shl.com/products/product-catalog/view/angular-6-new/
Industrial Engineering (New),If you choose to continue with your current browser we cannot guarantee your experience.,https://www.shl.com/products/product-catalog/view/industrial-engineering-new/
Entry Level Hotel Front Desk Solution,If you choose to continue with your current browser we cannot guarantee your experience.,https://www.shl.com/products/product-catalog/view/entry-level-hotel-front-desk-solution/
Mechatronics Engineering (New),If you choose to continue with your current browser we cannot guarantee your experience.,https://www.shl.com/products/product-catalog/view/mechatronics-engineering-new/
Search Engine Optimization (New),If you choose to continue with your current browser we cannot guarantee your experience.,https://www.shl.com/products/product-catalog/view/search-engine-optimization-new/
Mechanical Engineering (New),If you choose to continue with your current browser we cannot guarantee your experience.,https://www.shl.com/products/product-catalog/view/mechanical-engineering-new/
SVAR - Spoken English (AUS),If you choose to continue with your current browser we cannot guarantee your experience.,https://www.shl.com/products/product-catalog/view/svar-spoken-english-aus/
Graduate Scenarios Narrative Report,If you choose to continue with your current browser we cannot guarantee your experience.,https://www.shl.com/products/product-catalog/view/graduate-scenarios-narrative-report/
Tableau (New),If you choose to continue with your current browser we cannot guarantee your experience.,https://www.shl.com/products/product-catalog/view/tableau-new/
Linux Administration (New),If you choose to continue with your current browser we cannot guarantee your experience.,https://www.shl.com/products/product-catalog/view/linux-administration-new/
SVAR - Spoken Spanish (North American) (New),If you choose to continue with your current browser we cannot guarantee your experience.,https://www.shl.com/products/product-catalog/view/svar-spoken-spanish-north-american-new/
Job Control Language (New),If you choose to continue with your current browser we cannot guarantee your experience.,https://www.shl.com/products/product-catalog/view/job-control-language-new/
Automotive Engineering (New),If you choose to continue with your current browser we cannot guarantee your experience.,https://www.shl.com/products/product-catalog/view/automotive-engineering-new/
MFS 360 UCF Standard Report,If you choose to continue with your current browser we cannot guarantee your experience.,https://www.shl.com/products/product-catalog/view/mfs-360-ucf-standard-report/
Verify - Verbal Ability - Next Generation,If you choose to continue with your current browser we cannot guarantee your experience.,https://www.shl.com/products/product-catalog/view/verify-verbal-ability-next-generation/
C Programming (New),If you choose to continue with your current browser we cannot guarantee your experience.,https://www.shl.com/products/product-catalog/view/c-programming-new/
OPQ Team Impact Group Development Report,If you choose to continue with your current browser we cannot guarantee your experience.,https://www.shl.com/products/product-catalog/view/opq-team-impact-group-development-report/
RemoteWorkQ,If you choose to continue with your current browser we cannot guarantee your experience.,https://www.shl.com/products/product-catalog/view/remoteworkq/
Mobility (New),If you choose to continue with your current browser we cannot guarantee your experience.,https://www.shl.com/products/product-catalog/view/mobility-new/
Computer Science (New),If you choose to continue with your current browser we cannot guarantee your experience.,https://www.shl.com/products/product-catalog/view/computer-science-new/
Typing (New),If you choose to continue with your current browser we cannot guarantee your experience.,https://www.shl.com/products/product-catalog/view/typing-new/
Geoscience Engineering (New),If you choose to continue with your current browser we cannot guarantee your experience.,https://www.shl.com/products/product-catalog/view/geoscience-engineering-new/
Management Scenarios,If you choose to continue with your current browser we cannot guarantee your experience.,https://www.shl.com/products/product-catalog/view/management-scenarios/
Filing - Numbers,If you choose to continue with your current browser we cannot guarantee your experience.,https://www.shl.com/products/product-catalog/view/filing-numbers/
Basic Biology (New),If you choose to continue with your current browser we cannot guarantee your experience.,https://www.shl.com/products/product-catalog/view/basic-biology-new/
Marketing (New),If you choose to continue with your current browser we cannot guarantee your experience.,https://www.shl.com/products/product-catalog/view/marketing-new/
Sales Transformation Report 1.0 - Sales Manager,If you choose to continue with your current browser we cannot guarantee your experience.,https://www.shl.com/products/product-catalog/view/sales-transformation-report-sales-manager/
Project Management (2013),If you choose to continue with your current browser we cannot guarantee your experience.,https://www.shl.com/products/product-catalog/view/project-management-2013/
Linux Operating System,If you choose to continue with your current browser we cannot guarantee your experience.,https://www.shl.com/products/product-catalog/view/linux-operating-system/
Motivation Questionnaire MQM5,If you choose to continue with your current browser we cannot guarantee your experience.,https://www.shl.com/products/product-catalog/view/motivation-questionnaire-mqm5/
Housekeeping (New),If you choose to continue with your current browser we cannot guarantee your experience.,https://www.shl.com/products/product-catalog/view/housekeeping-new/
Agile Testing (New),If you choose to continue with your current browser we cannot guarantee your experience.,https://www.shl.com/products/product-catalog/view/agile-testing-new/
Ceramic Engineering (New),If you choose to continue with your current browser we cannot guarantee your experience.,https://www.shl.com/products/product-catalog/view/ceramic-engineering-new/
HIPAA (Security),If you choose to continue with your current browser we cannot guarantee your experience.,https://www.shl.com/products/product-catalog/view/hipaa-security/
UNIX (New),If you choose to continue with your current browser we cannot guarantee your experience.,https://www.shl.com/products/product-catalog/view/unix-new/
MQ Employee Motivation Report,If you choose to continue with your current browser we cannot guarantee your experience.,https://www.shl.com/products/product-catalog/view/mq-employee-motivation-report/
Reading Comprehension - Spanish v1,If you choose to continue with your current browser we cannot guarantee your experience.,https://www.shl.com/products/product-catalog/view/reading-comprehension-spanish-v1/
SAP Business Objects WebI (New),If you choose to continue with your current browser we cannot guarantee your experience.,https://www.shl.com/products/product-catalog/view/sap-business-objects-webi-new/
Production and Industrial Engineering (New),If you choose to continue with your current browser we cannot guarantee your experience.,https://www.shl.com/products/product-catalog/view/production-and-industrial-engineering-new/
Agency Manager Solution,If you choose to continue with your current browser we cannot guarantee your experience.,https://www.shl.com/products/product-catalog/view/agency-manager-solution/
ITIL (IT Infrastructure Library) (New),If you choose to continue with your current browser we cannot guarantee your experience.,https://www.shl.com/products/product-catalog/view/itil-it-infrastructure-library-new/
Python (New),If you choose to continue with your current browser we cannot guarantee your experience.,https://www.shl.com/products/product-catalog/view/python-new/
OPQ Universal Competency Report 1.0,If you choose to continue with your current browser we cannot guarantee your experience.,https://www.shl.com/products/product-catalog/view/opq-universal-competency-report/
Accounts Payable (New),If you choose to continue with your current browser we cannot guarantee your experience.,https://www.shl.com/products/product-catalog/view/accounts-payable-new/
Telecommunications Engineering (New),If you choose to continue with your current browser we cannot guarantee your experience.,https://www.shl.com/products/product-catalog/view/telecommunications-engineering-new/
MS Office Basic Computer Literacy (Sim) (New),If you choose to continue with your current browser we cannot guarantee your experience.,https://www.shl.com/products/product-catalog/view/ms-office-basic-computer-literacy-sim-new/
Chemical Engineering (New),If you choose to continue with your current browser we cannot guarantee your experience.,https://www.shl.com/products/product-catalog/view/chemical-engineering-new/
OPQ Team Types and Leadership Styles Report,If you choose to continue with your current browser we cannot guarantee your experience.,https://www.shl.com/products/product-catalog/view/opq-team-types-and-leadership-styles-report/
Microsoft Dynamics Development (New),If you choose to continue with your current browser we cannot guarantee your experience.,https://www.shl.com/products/product-catalog/view/microsoft-dynamics-development-new/
Accounts Receivable (New),If you choose to continue with your current browser we cannot guarantee your experience.,https://www.shl.com/products/product-catalog/view/accounts-receivable-new/
Bank Operations Supervisor - Short Form,If you choose to continue with your current browser we cannot guarantee your experience.,https://www.shl.com/products/product-catalog/view/bank-operations-supervisor-short-form/
Electronics & Telecommunications Engineering (New),If you choose to continue with your current browser we cannot guarantee your experience.,https://www.shl.com/products/product-catalog/view/electronics-and-telecommunications-engineering-new/
PJM Development Report,If you choose to continue with your current browser we cannot guarantee your experience.,https://www.shl.com/products/product-catalog/view/pjm-development-report/
Verify - Working with Information,If you choose to continue with your current browser we cannot guarantee your experience.,https://www.shl.com/products/product-catalog/view/verify-working-with-information/
Microsoft Windows Server 2012 Administration,If you choose to continue with your current browser we cannot guarantee your experience.,https://www.shl.com/products/product-catalog/view/microsoft-windows-server-2012-administration/
Data Entry Numeric Split Screen - US,If you choose to continue with your current browser we cannot guarantee your experience.,https://www.shl.com/products/product-catalog/view/data-entry-numeric-split-screen-us/
Microservices (New),If you choose to continue with your current browser we cannot guarantee your experience.,https://www.shl.com/products/product-catalog/view/microservices-new/
MQ Candidate Motivation Report,If you choose to continue with your current browser we cannot guarantee your experience.,https://www.shl.com/products/product-catalog/view/mq-candidate-motivation-report/
Manual Testing (New),If you choose to continue with your current browser we cannot guarantee your experience.,https://www.shl.com/products/product-catalog/view/manual-testing-new/
Managerial Scenarios Profile Report,If you choose to continue with your current browser we cannot guarantee your experience.,https://www.shl.com/products/product-catalog/view/managerial-scenarios-profile-report/
MQ Motivation Report Pack,If you choose to continue with your current browser we cannot guarantee your experience.,https://www.shl.com/products/product-catalog/view/mq-motivation-report-pack/
Verify - Numerical Ability,If you choose to continue with your current browser we cannot guarantee your experience.,https://www.shl.com/products/product-catalog/view/verify-numerical-ability/
VB.NET (New),If you choose to continue with your current browser we cannot guarantee your experience.,https://www.shl.com/products/product-catalog/view/vb-net-new/
Data Entry Ten Key Split Screen,If you choose to continue with your current browser we cannot guarantee your experience.,https://www.shl.com/products/product-catalog/view/data-entry-ten-key-split-screen/
Prism (New),If you choose to continue with your current browser we cannot guarantee your experience.,https://www.shl.com/products/product-catalog/view/prism-new/
Microsoft Excel 365 - Essentials (New),If you choose to continue with your current browser we cannot guarantee your experience.,https://www.shl.com/products/product-catalog/view/microsoft-excel-365-essentials-new/
MS Office Basic Computer Literacy (New),If you choose to continue with your current browser we cannot guarantee your experience.,https://www.shl.com/products/product-catalog/view/ms-office-basic-computer-literacy-new/
Verify G+ - Candidate Report,If you choose to continue with your current browser we cannot guarantee your experience.,https://www.shl.com/products/product-catalog/view/verify-g-candidate-report/
Written Spanish,If you choose to continue with your current browser we cannot guarantee your experience.,https://www.shl.com/products/product-catalog/view/written-spanish/
Data Entry Alphanumeric Split Screen - US,If you choose to continue with your current browser we cannot guarantee your experience.,https://www.shl.com/products/product-catalog/view/data-entry-alphanumeric-split-screen-us/
Fundamentals of Physics (New),If you choose to continue with your current browser we cannot guarantee your experience.,https://www.shl.com/products/product-catalog/view/fundamentals-of-physics-new/
Jenkins (New),If you choose to continue with your current browser we cannot guarantee your experience.,https://www.shl.com/products/product-catalog/view/jenkins-new/
PJM Selection Report,If you choose to continue with your current browser we cannot guarantee your experience.,https://www.shl.com/products/product-catalog/view/pjm-selection-report/
Pharmaceutical Science (New),If you choose to continue with your current browser we cannot guarantee your experience.,https://www.shl.com/products/product-catalog/view/pharmaceutical-science-new/
RESTful Web Services (New),If you choose to continue with your current browser we cannot guarantee your experience.,https://www.shl.com/products/product-catalog/view/restful-web-services-new/
Apache HBase (New),If you choose to continue with your current browser we cannot guarantee your experience.,https://www.shl.com/products/product-catalog/view/apache-hbase-new/
JavaScript (New),If you choose to continue with your current browser we cannot guarantee your experience.,https://www.shl.com/products/product-catalog/view/javascript-new/
Amazon Web Services (AWS) Development (New),If you choose to continue with your current browser we cannot guarantee your experience.,https://www.shl.com/products/product-catalog/view/amazon-web-services-aws-development-new/
Sales Profiler Cards,If you choose to continue with your current browser we cannot guarantee your experience.,https://www.shl.com/products/product-catalog/view/sales-profiler-cards/
Executive Scenarios Narrative Report,If you choose to continue with your current browser we cannot guarantee your experience.,https://www.shl.com/products/product-catalog/view/executive-scenarios-narrative-report/
Automata (New),If you choose to continue with your current browser we cannot guarantee your experience.,https://www.shl.com/products/product-catalog/view/automata-new/
Docker (New),If you choose to continue with your current browser we cannot guarantee your experience.,https://www.shl.com/products/product-catalog/view/docker-new/
SonarQube (New),If you choose to continue with your current browser we cannot guarantee your experience.,https://www.shl.com/products/product-catalog/view/sonarqube-new/
Sales Transformation 2.0 - Individual Contributor,If you choose to continue with your current browser we cannot guarantee your experience.,https://www.shl.com/products/product-catalog/view/salestransformationreport2-0-individualcontributor/
Pega Development (New),If you choose to continue with your current browser we cannot guarantee your experience.,https://www.shl.com/products/product-catalog/view/pega-development-new/
Java Frameworks (New),If you choose to continue with your current browser we cannot guarantee your experience.,https://www.shl.com/products/product-catalog/view/java-frameworks-new/
Power System Engineering (New),If you choose to continue with your current browser we cannot guarantee your experience.,https://www.shl.com/products/product-catalog/view/power-system-engineering-new/
SVAR - Spoken Spanish (Castilian) (New),If you choose to continue with your current browser we cannot guarantee your experience.,https://www.shl.com/products/product-catalog/view/svar-spoken-spanish-castilian-new/
Operations Management (New),If you choose to continue with your current browser we cannot guarantee your experience.,https://www.shl.com/products/product-catalog/view/operations-management-new/
SHL Verify Interactive G+,If you choose to continue with your current browser we cannot guarantee your experience.,https://www.shl.com/products/product-catalog/view/shl-verify-interactive-g/
Customer Service Phone Solution,If you choose to continue with your current browser we cannot guarantee your experience.,https://www.shl.com/products/product-catalog/view/customer-service-phone-solution/
Accounts Payable Simulation (New),If you choose to continue with your current browser we cannot guarantee your experience.,https://www.shl.com/products/product-catalog/view/accounts-payable-simulation-new/
Informatica (Developer) (New),If you choose to continue with your current browser we cannot guarantee your experience.,https://www.shl.com/products/product-catalog/view/informatica-developer-new/
OPQ Manager Plus Report,If you choose to continue with your current browser we cannot guarantee your experience.,https://www.shl.com/products/product-catalog/view/opq-manager-plus-report/
Smart Interview On Demand,If you choose to continue with your current browser we cannot guarantee your experience.,https://www.shl.com/products/product-catalog/view/smart-interview-on-demand/
Drupal (New),If you choose to continue with your current browser we cannot guarantee your experience.,https://www.shl.com/products/product-catalog/view/drupal-new/
Production Engineering (New),If you choose to continue with your current browser we cannot guarantee your experience.,https://www.shl.com/products/product-catalog/view/production-engineering-new/
Aerospace Engineering (New),If you choose to continue with your current browser we cannot guarantee your experience.,https://www.shl.com/products/product-catalog/view/aerospace-engineering-new/
Automata Data Science Pro (New),If you choose to continue with your current browser we cannot guarantee your experience.,https://www.shl.com/products/product-catalog/view/automata-data-science-pro-new/
ADO.NET (New),If you choose to continue with your current browser we cannot guarantee your experience.,https://www.shl.com/products/product-catalog/view/ado-net-new/
MongoDB (New),If you choose to continue with your current browser we cannot guarantee your experience.,https://www.shl.com/products/product-catalog/view/mongodb-new/
C++ Programming (New),If you choose to continue with your current browser we cannot guarantee your experience.,https://www.shl.com/products/product-catalog/view/c-programming-new-4122/
Power Electronics and Drives (New),If you choose to continue with your current browser we cannot guarantee your experience.,https://www.shl.com/products/product-catalog/view/power-electronics-and-drives-new/
HiPo Unlocking Potential Report 2.0,If you choose to continue with your current browser we cannot guarantee your experience.,https://www.shl.com/products/product-catalog/view/hipo-unlocking-potential-report-2-0/
Data Entry (New),If you choose to continue with your current browser we cannot guarantee your experience.,https://www.shl.com/products/product-catalog/view/data-entry-new/
GIT (New),If you choose to continue with your current browser we cannot guarantee your experience.,https://www.shl.com/products/product-catalog/view/git-new/
MFS 360 Enterprise Leadership Report,If you choose to continue with your current browser we cannot guarantee your experience.,https://www.shl.com/products/product-catalog/view/mfs-360-enterprise-leadership-report/
Java 8 (New),If you choose to continue with your current browser we cannot guarantee your experience.,https://www.shl.com/products/product-catalog/view/java-8-new/
MFS 360 UCF Performance Potential Dev Tips Report,If you choose to continue with your current browser we cannot guarantee your experience.,https://www.shl.com/products/product-catalog/view/mfs-360-ucf-performance-potential-dev-tips-report/
VLSI and Embedded Systems (New),If you choose to continue with your current browser we cannot guarantee your experience.,https://www.shl.com/products/product-catalog/view/vlsi-and-embedded-systems-new/
360 Digital Report,If you choose to continue with your current browser we cannot guarantee your experience.,https://www.shl.com/products/product-catalog/view/360-digital-report/
SVAR - Spoken English (U.K.),If you choose to continue with your current browser we cannot guarantee your experience.,https://www.shl.com/products/product-catalog/view/svar-spoken-english-u-k/
Following Instructions v1 - US (R2),If you choose to continue with your current browser we cannot guarantee your experience.,https://www.shl.com/products/product-catalog/view/following-instructions-v1-us-r2/
Selenium (New),If you choose to continue with your current browser we cannot guarantee your experience.,https://www.shl.com/products/product-catalog/view/selenium-new/
Node.js (New),If you choose to continue with your current browser we cannot guarantee your experience.,https://www.shl.com/products/product-catalog/view/node-js-new/
Linux Programming (General),If you choose to continue with your current browser we cannot guarantee your experience.,https://www.shl.com/products/product-catalog/view/linux-programming-general/
Instrumentation Engineering (New),If you choose to continue with your current browser we cannot guarantee your experience.,https://www.shl.com/products/product-catalog/view/instrumentation-engineering-new/
RemoteWorkQ Manager Report,If you choose to continue with your current browser we cannot guarantee your experience.,https://www.shl.com/products/product-catalog/view/remoteworkq-manager-report/
Verify - G+,If you choose to continue with your current browser we cannot guarantee your experience.,https://www.shl.com/products/product-catalog/view/verify-g/
ASP.NET 4.5,If you choose to continue with your current browser we cannot guarantee your experience.,https://www.shl.com/products/product-catalog/view/asp-net-4-5/
Managerial Scenarios Narrative Report,If you choose to continue with your current browser we cannot guarantee your experience.,https://www.shl.com/products/product-catalog/view/managerial-scenarios-narrative-report/
Automation Anywhere RPA Development (New),If you choose to continue with your current browser we cannot guarantee your experience.,https://www.shl.com/products/product-catalog/view/automation-anywhere-rpa-development-new/
AI Skills,If you choose to continue with your current browser we cannot guarantee your experience.,https://www.shl.com/products/product-catalog/view/ai-skills/
Biotech Lab Techniques (New),If you choose to continue with your current browser we cannot guarantee your experience.,https://www.shl.com/products/product-catalog/view/biotech-lab-techniques-new/
Apprentice + 8.0 Job Focused Assessment,If you choose to continue with your current browser we cannot guarantee your experience.,https://www.shl.com/products/product-catalog/view/apprentice-8-0-job-focused-assessment-4261/
OPQ UCF Development Action Planner Report 1.0,If you choose to continue with your current browser we cannot guarantee your experience.,https://www.shl.com/products/product-catalog/view/opq-ucf-development-action-planner-report/
MFS 360 UCF Group Report,If you choose to continue with your current browser we cannot guarantee your experience.,https://www.shl.com/products/product-catalog/view/mfs-360-ucf-group-report/
IBM Sterling Order Management System (New),If you choose to continue with your current browser we cannot guarantee your experience.,https://www.shl.com/products/product-catalog/view/ibm-sterling-order-management-system-new/
Microsoft Outlook 2013 (adaptive),If you choose to continue with your current browser we cannot guarantee your experience.,https://www.shl.com/products/product-catalog/view/microsoft-outlook-2013-adaptive/
OPQ Manager Plus Report 2.0,If you choose to continue with your current browser we cannot guarantee your experience.,https://www.shl.com/products/product-catalog/view/opq-manager-plus-report-2-0/
Data Warehousing Concepts,If you choose to continue with your current browser we cannot guarantee your experience.,https://www.shl.com/products/product-catalog/view/data-warehousing-concepts/
Microsoft PowerPoint 365 - Essentials (New),If you choose to continue with your current browser we cannot guarantee your experience.,https://www.shl.com/products/product-catalog/view/microsoft-powerpoint-365-essentials-new/
Spring (New),If you choose to continue with your current browser we cannot guarantee your experience.,https://www.shl.com/products/product-catalog/view/spring-new/
Swing (New),If you choose to continue with your current browser we cannot guarantee your experience.,https://www.shl.com/products/product-catalog/view/swing-new/
SVAR - Spoken English (Indian Accent)  (New),If you choose to continue with your current browser we cannot guarantee your experience.,https://www.shl.com/products/product-catalog/view/svar-spoken-english-indian-accent-new/
Entry Level Sales Solution,If you choose to continue with your current browser we cannot guarantee your experience.,https://www.shl.com/products/product-catalog/view/entry-level-sales-solution/
SQL Server Integration Services (SSIS) (New),If you choose to continue with your current browser we cannot guarantee your experience.,https://www.shl.com/products/product-catalog/view/sql-server-integration-services-ssis-new/
MS Word (New),If you choose to continue with your current browser we cannot guarantee your experience.,https://www.shl.com/products/product-catalog/view/ms-word-new/
Count Out The Money,If you choose to continue with your current browser we cannot guarantee your experience.,https://www.shl.com/products/product-catalog/view/count-out-the-money/
WriteX - Email Writing (Customer Service) (New),If you choose to continue with your current browser we cannot guarantee your experience.,https://www.shl.com/products/product-catalog/view/writex-email-writing-customer-service-new/
Manufac. & Indust. - Mechanical & Vigilance 8.0,If you choose to continue with your current browser we cannot guarantee your experience.,https://www.shl.com/products/product-catalog/view/mechanical-and-vigilance-focus-8-0/
SVAR - Spoken English (US)  (New),If you choose to continue with your current browser we cannot guarantee your experience.,https://www.shl.com/products/product-catalog/view/svar-spoken-english-us-new/
Teradata Development (New),If you choose to continue with your current browser we cannot guarantee your experience.,https://www.shl.com/products/product-catalog/view/teradata-development-new/
Universal Competency Framework Job profiling guide,If you choose to continue with your current browser we cannot guarantee your experience.,https://www.shl.com/products/product-catalog/view/universal-competency-framework-job-profiling-guide/
English Comprehension (New),If you choose to continue with your current browser we cannot guarantee your experience.,https://www.shl.com/products/product-catalog/view/english-comprehension-new/
Financial Accounting (New),If you choose to continue with your current browser we cannot guarantee your experience.,https://www.shl.com/products/product-catalog/view/financial-accounting-new/
Executive Scenarios Profile Report,If you choose to continue with your current browser we cannot guarantee your experience.,https://www.shl.com/products/product-catalog/view/executive-scenarios-profile-report/
Geoinformatics Engineering (New),If you choose to continue with your current browser we cannot guarantee your experience.,https://www.shl.com/products/product-catalog/view/geoinformatics-engineering-new/
Petrochemical Engineering (New),If you choose to continue with your current browser we cannot guarantee your experience.,https://www.shl.com/products/product-catalog/view/petrochemical-engineering-new/
SHL Verify Interactive Numerical Calculation,If you choose to continue with your current browser we cannot guarantee your experience.,https://www.shl.com/products/product-catalog/view/shl-verify-interactive-numerical-calculation/
Graduate Scenarios,If you choose to continue with your current browser we cannot guarantee your experience.,https://www.shl.com/products/product-catalog/view/graduate-scenarios/
OPQ User Report,If you choose to continue with your current browser we cannot guarantee your experience.,https://www.shl.com/products/product-catalog/view/opq-user-report/
Training Development,If you choose to continue with your current browser we cannot guarantee your experience.,https://www.shl.com/products/product-catalog/view/training-development/
ETL Testing (New),If you choose to continue with your current browser we cannot guarantee your experience.,https://www.shl.com/products/product-catalog/view/etl-testing-new/
OPQ Candidate Plus Report,If you choose to continue with your current browser we cannot guarantee your experience.,https://www.shl.com/products/product-catalog/view/opq-candidate-plus-report/
Automata Front End,If you choose to continue with your current browser we cannot guarantee your experience.,https://www.shl.com/products/product-catalog/view/automata-front-end/
AngularJS (New),If you choose to continue with your current browser we cannot guarantee your experience.,https://www.shl.com/products/product-catalog/view/angularjs-new/
Apache Kafka (New),If you choose to continue with your current browser we cannot guarantee your experience.,https://www.shl.com/products/product-catalog/view/apache-kafka-new/
360° Multi-Rater Feedback System (MFS),If you choose to continue with your current browser we cannot guarantee your experience.,https://www.shl.com/products/product-catalog/view/360-multi-rater-feedback-system-mfs/
Apache Hadoop Extensions (New),If you choose to continue with your current browser we cannot guarantee your experience.,https://www.shl.com/products/product-catalog/view/apache-hadoop-extensions-new/
Paint Technology (New),If you choose to continue with your current browser we cannot guarantee your experience.,https://www.shl.com/products/product-catalog/view/paint-technology-new/
DSI v1.1 Interpretation Report,If you choose to continue with your current browser we cannot guarantee your experience.,https://www.shl.com/products/product-catalog/view/dsi-v1-1-interpretation-report/
Econometrics (New),If you choose to continue with your current browser we cannot guarantee your experience.,https://www.shl.com/products/product-catalog/view/econometrics-new/
ReactJS (New),If you choose to continue with your current browser we cannot guarantee your experience.,https://www.shl.com/products/product-catalog/view/reactjs-new/
SQL Server (New),If you choose to continue with your current browser we cannot guarantee your experience.,https://www.shl.com/products/product-catalog/view/sql-server-new/
Business Communications,If you choose to continue with your current browser we cannot guarantee your experience.,https://www.shl.com/products/product-catalog/view/business-communications/
Sales & Service Phone Simulation,If you choose to continue with your current browser we cannot guarantee your experience.,https://www.shl.com/products/product-catalog/view/sales-and-service-phone-simulation/
Sales Transformation Report 2.0 - Sales Manager,If you choose to continue with your current browser we cannot guarantee your experience.,https://www.shl.com/products/product-catalog/view/sales-transformation-report-2-0-sales-manager/
Aeronautical Engineering (New),If you choose to continue with your current browser we cannot guarantee your experience.,https://www.shl.com/products/product-catalog/view/aeronautical-engineering-new/
Mining Engineering (New),If you choose to continue with your current browser we cannot guarantee your experience.,https://www.shl.com/products/product-catalog/view/mining-engineering-new/
Pharmaceutics (New),If you choose to continue with your current browser we cannot guarantee your experience.,https://www.shl.com/products/product-catalog/view/pharmaceutics-new/
C# Programming (New),If you choose to continue with your current browser we cannot guarantee your experience.,https://www.shl.com/products/product-catalog/view/c-programming-new-4039/
Oracle DBA (Advanced Level) (New),If you choose to continue with your current browser we cannot guarantee your experience.,https://www.shl.com/products/product-catalog/view/oracle-dba-advanced-level-new/
Core Java (Advanced Level) (New),If you choose to continue with your current browser we cannot guarantee your experience.,https://www.shl.com/products/product-catalog/view/core-java-advanced-level-new/
Electrical Engineering (New),If you choose to continue with your current browser we cannot guarantee your experience.,https://www.shl.com/products/product-catalog/view/electrical-engineering-new/
OPQ Team Impact Individual Development Report,If you choose to continue with your current browser we cannot guarantee your experience.,https://www.shl.com/products/product-catalog/view/opq-team-impact-individual-development-report/
Agile Software Development,If you choose to continue with your current browser we cannot guarantee your experience.,https://www.shl.com/products/product-catalog/view/agile-software-development/
Financial and Banking Services (New),If you choose to continue with your current browser we cannot guarantee your experience.,https://www.shl.com/products/product-catalog/view/financial-and-banking-services-new/
Sales Transformation 1.0 - Individual Contributor,If you choose to continue with your current browser we cannot guarantee your experience.,https://www.shl.com/products/product-catalog/view/sales-transformation-report-individual-contributor/
ExpressJS (New),If you choose to continue with your current browser we cannot guarantee your experience.,https://www.shl.com/products/product-catalog/view/expressjs-new/
Polymer Engineering (New),If you choose to continue with your current browser we cannot guarantee your experience.,https://www.shl.com/products/product-catalog/view/polymer-engineering-new/
SHL Verify Interactive - Inductive Reasoning,If you choose to continue with your current browser we cannot guarantee your experience.,https://www.shl.com/products/product-catalog/view/shl-verify-interactive-inductive-reasoning/
Apprentice 8.0 Job Focused Assessment,If you choose to continue with your current browser we cannot guarantee your experience.,https://www.shl.com/products/product-catalog/view/apprentice-8-0-job-focused-assessment/
Following Instructions v1 - UK (R1),If you choose to continue with your current browser we cannot guarantee your experience.,https://www.shl.com/products/product-catalog/view/following-instructions-v1-uk-r1/
PHP (New),If you choose to continue with your current browser we cannot guarantee your experience.,https://www.shl.com/products/product-catalog/view/php-new/
What Is The Value - US,If you choose to continue with your current browser we cannot guarantee your experience.,https://www.shl.com/products/product-catalog/view/what-is-the-value-us/
Digital Advertising (New),If you choose to continue with your current browser we cannot guarantee your experience.,https://www.shl.com/products/product-catalog/view/digital-advertising-new/
Fundamentals of Chemistry (New),If you choose to continue with your current browser we cannot guarantee your experience.,https://www.shl.com/products/product-catalog/view/fundamentals-of-chemistry-new/
Adobe Photoshop CC,If you choose to continue with your current browser we cannot guarantee your experience.,https://www.shl.com/products/product-catalog/view/adobe-photoshop-cc/
SHL Verify Interactive – Deductive Reasoning,If you choose to continue with your current browser we cannot guarantee your experience.,https://www.shl.com/products/product-catalog/view/shl-verify-interactive-deductive-reasoning/
Petroleum Engineering (New),If you choose to continue with your current browser we cannot guarantee your experience.,https://www.shl.com/products/product-catalog/view/petroleum-engineering-new/
Account Manager Solution,If you choose to continue with your current browser we cannot guarantee your experience.,https://www.shl.com/products/product-catalog/view/account-manager-solution/
SAP Hybris (New),If you choose to continue with your current browser we cannot guarantee your experience.,https://www.shl.com/products/product-catalog/view/sap-hybris-new/
Smart Interview Live Coding,If you choose to continue with your current browser we cannot guarantee your experience.,https://www.shl.com/products/product-catalog/view/smart-interview-live-coding/
Verify Interactive G+ Candidate Report,If you choose to continue with your current browser we cannot guarantee your experience.,https://www.shl.com/products/product-catalog/view/verify-interactive-g-candidate-report/
Organic Chemistry (New),If you choose to continue with your current browser we cannot guarantee your experience.,https://www.shl.com/products/product-catalog/view/organic-chemistry-new/
Economics (New),If you choose to continue with your current browser we cannot guarantee your experience.,https://www.shl.com/products/product-catalog/view/economics-new/
.NET XAML (New),If you choose to continue with your current browser we cannot guarantee your experience.,https://www.shl.com/products/product-catalog/view/net-xaml-new/
Entry Level Customer Serv-Retail & Contact Center,If you choose to continue with your current browser we cannot guarantee your experience.,https://www.shl.com/products/product-catalog/view/entry-level-customer-serv-retail-and-contact-center/
SVAR - Spoken French (European) (New),If you choose to continue with your current browser we cannot guarantee your experience.,https://www.shl.com/products/product-catalog/view/svar-spoken-french-european-new/
Bank Collections Agent - Short Form,If you choose to continue with your current browser we cannot guarantee your experience.,https://www.shl.com/products/product-catalog/view/bank-collections-agent-short-form/
Siebel Development (New),If you choose to continue with your current browser we cannot guarantee your experience.,https://www.shl.com/products/product-catalog/view/siebel-development-new/
Medical Terminology (New),If you choose to continue with your current browser we cannot guarantee your experience.,https://www.shl.com/products/product-catalog/view/medical-terminology-new/
Executive Scenarios,If you choose to continue with your current browser we cannot guarantee your experience.,https://www.shl.com/products/product-catalog/view/executive-scenarios/
Food Science (New),If you choose to continue with your current browser we cannot guarantee your experience.,https://www.shl.com/products/product-catalog/view/food-science-new/
Manufacturing & Industrial - Essential Focus 8.0,If you choose to continue with your current browser we cannot guarantee your experience.,https://www.shl.com/products/product-catalog/view/essential-focus-8-0/
WriteX - Email Writing (Sales) (New),If you choose to continue with your current browser we cannot guarantee your experience.,https://www.shl.com/products/product-catalog/view/writex-email-writing-sales-new/
Conversational Multichat Simulation,If you choose to continue with your current browser we cannot guarantee your experience.,https://www.shl.com/products/product-catalog/view/conversational-multichat-simulation/
Assessment and Development Center Exercises,If you choose to continue with your current browser we cannot guarantee your experience.,https://www.shl.com/products/product-catalog/view/assessment-and-development-center-exercises/
Virtual Assessment and Development Centers,If you choose to continue with your current browser we cannot guarantee your experience.,https://www.shl.com/products/product-catalog/view/virtual-assessment-and-development-centers/
Visual Comparison - US,If you choose to continue with your current browser we cannot guarantee your experience.,https://www.shl.com/products/product-catalog/view/visual-comparison-us/
Business Communication (adaptive),If you choose to continue with your current browser we cannot guarantee your experience.,https://www.shl.com/products/product-catalog/view/business-communication-adaptive/
OPQ Team Impact Selection Report,If you choose to continue with your current browser we cannot guarantee your experience.,https://www.shl.com/products/product-catalog/view/opq-team-impact-selection-report/
Verify Interactive Process Monitoring,If you choose to continue with your current browser we cannot guarantee your experience.,https://www.shl.com/products/product-catalog/view/verify-interactive-process-monitoring/
Cashier Solution,If you choose to continue with your current browser we cannot guarantee your experience.,https://www.shl.com/products/product-catalog/view/cashier-solution/
OPQ Candidate Report 2.0,If you choose to continue with your current browser we cannot guarantee your experience.,https://www.shl.com/products/product-catalog/view/opq-candidate-report-2-0/
Informatica (Architecture) (New),If you choose to continue with your current browser we cannot guarantee your experience.,https://www.shl.com/products/product-catalog/view/informatica-architecture-new/
MS Excel (New),If you choose to continue with your current browser we cannot guarantee your experience.,https://www.shl.com/products/product-catalog/view/ms-excel-new/
Dojo (New),If you choose to continue with your current browser we cannot guarantee your experience.,https://www.shl.com/products/product-catalog/view/dojo-new/
Enterprise Leadership Report 1.0,If you choose to continue with your current browser we cannot guarantee your experience.,https://www.shl.com/products/product-catalog/view/enterprise-leadership-report/
HiPo Assessment Report 2.0,If you choose to continue with your current browser we cannot guarantee your experience.,https://www.shl.com/products/product-catalog/view/hipo-assessment-report-2-0/
.NET Framework 4.5,If you choose to continue with your current browser we cannot guarantee your experience.,https://www.shl.com/products/product-catalog/view/net-framework-4-5/
Hibernate (New),If you choose to continue with your current browser we cannot guarantee your experience.,https://www.shl.com/products/product-catalog/view/hibernate-new/
Pharmaceutical Chemistry (New),If you choose to continue with your current browser we cannot guarantee your experience.,https://www.shl.com/products/product-catalog/view/pharmaceutical-chemistry-new/
Core Java (Entry Level) (New),If you choose to continue with your current browser we cannot guarantee your experience.,https://www.shl.com/products/product-catalog/view/core-java-entry-level-new/
Perl (New),If you choose to continue with your current browser we cannot guarantee your experience.,https://www.shl.com/products/product-catalog/view/perl-new/
Manufacturing & Industrial - Vigilance Focus 8.0,If you choose to continue with your current browser we cannot guarantee your experience.,https://www.shl.com/products/product-catalog/view/vigilance-focus-8-0/
WriteX - Email Writing (Managerial) (New),If you choose to continue with your current browser we cannot guarantee your experience.,https://www.shl.com/products/product-catalog/view/writex-email-writing-managerial-new/
OPQ UCF Development Action Planner Report 2.0,If you choose to continue with your current browser we cannot guarantee your experience.,https://www.shl.com/products/product-catalog/view/opq-ucf-development-action-planner-report-2-0/
